{"name": "inst_n12_dr40_0", "n_customers": 12, "capacity": 100.0, "initial_load": 0.0, "cost_penalty": 1.0, "cost_fleet": 1.0, "distance": [[6.369616873214543, 2.697867137638703, 0.4097352393619469, 0.16527635528529094, 8.132702392002724, 9.127555772777217, 6.066357757671799, 7.294965609839984, 5.436249914654229, 9.350724237877682, 8.158535541215322, 0.02738500170148095, 8.574042765875694], [0.33585575305464355, 7.29655446429944, 1.7565562060255901, 8.631789223498865, 5.414612202490917, 2.997118905373848, 4.226872211976584, 0.28319671145462966, 1.2428327649956394, 6.706244146936303, 6.471895115742501, 6.1538511148125385, 3.8367755426188346], [9.97209935789211, 9.8083533877623, 6.855419844806947, 6.504592762678163, 6.884467305709401, 3.8892142397910376, 1.3509650502241122, 7.214883401940817, 5.253543224757259, 3.1024187555895564, 4.8583535883178905, 8.894878343490003, 9.340435159562496], [3.5779519670907023, 5.715298307297609, 3.2186939107594217, 5.9430003019969675, 3.3791122550713326, 3.9161900052816123, 8.902743520047924, 2.2715759353337974, 6.231871446860424, 0.8401534358238483, 8.326441476533978, 7.8709830748868335, 2.3936944299295213], [8.764842308107038, 0.5856803480519435, 3.3611706054566035, 1.5027946689483906, 4.50339366649287, 7.963242702872942, 2.3064220899374743, 0.5202130106440961, 4.0455183982152825, 1.9851304450925533, 0.907530456191219, 5.803323859868507, 2.986961328189226], [6.719948779563594, 1.995154439682133, 9.421131105064978, 3.6511016824482856, 1.0549527957022953, 6.291081515397092, 9.271545530678674, 4.40377154715784, 9.545904936907373, 4.99895813687647, 4.252286248490755, 6.202134520153778, 9.950965052353242], [9.489436749377653, 4.60045139309096, 7.5772884530829145, 4.9742269548761895, 5.293121601967704, 7.857857007138075, 4.146558493556708, 7.344835717887293, 7.111428779897499, 9.320596866133782, 1.149326332809052, 7.290151170763094, 9.2742392862456], [9.679261899246464, 0.14706304965369288, 8.636400902455758, 9.811950400663443, 9.572101796109635, 1.487640122324979, 9.726288138229549, 8.899355557205206, 8.223738275430705, 4.799879238078322, 2.3237291963930384, 8.018805787183078, 9.235301597834695], [2.661302722922926, 5.389344076221869, 4.4275282897453145, 9.31017315981155, 0.40510711188434634, 7.320061956565608, 6.143732469489967, 0.28365365113521057, 7.192197728267403, 0.15991729523571974, 7.579510023564281, 5.1275872326207805, 9.291042207970062], [0.6608249672407474, 8.413172796123833, 0.666900087671014, 3.443099788041252, 4.3029873194783335, 9.660620807840703, 5.62231842228457, 2.5886459317093227, 2.4167571409434494, 8.881183206591798, 2.258694284173244, 1.245547058352835, 2.883307570075776], [5.861230648127328, 5.540905021732678, 8.097107759127777, 5.604759520061858, 2.884212144312105, 4.128963426808927, 8.181209709709105, 6.265064624197535, 9.590776426974422, 3.694044110916809, 5.526115105212872, 5.939242016131683, 8.4829120827506], [1.4547353818653175, 4.065103367481266, 9.09958961662297, 0.43066888568204176, 8.22706280181502, 4.153840373712247, 8.298039852781027, 0.09954560807291957, 3.6504615775827065, 0.7863003716563988, 6.526145763366385, 2.738490985995572, 7.0265207065978625], [9.438014269420908, 1.2681710226124776, 8.647782954007742, 0.5946415160033847, 3.8077050831088943, 4.297740611785766, 4.888495468334643, 9.764623219360445, 7.756911881018284, 3.08857362719261, 2.6983678550080015, 8.631202041893179, 8.813071727376899]], "demand": [[2.145726182990964, 2.976000696825678, -13.346510526298964, -16.27771633389598, -5.101268477870263, 8.944927959628046, -0.283588171077866, -1.683414394322998, 6.681214453025091, -10.532892237017125, 2.075704394739156, -0.2105382170256919], [13.467649619131665, 3.271455106667461, -8.445903359408437, 1.2181432490877913, 1.243134068254272, -9.128513975860843, -1.448658172854614, -4.916733699082441, -12.007112636189946, -11.165571002861594, -1.2703431503293485, -4.509090171042994], [9.179673047227471, 5.535130054073566, 3.078040358168179, -2.766363766778036, -13.196635630985526, 0.7487783970915313, -6.081456775066652, 1.0500654175273265, 8.797122256142517, 9.427831032705168, 3.6267857518169544, -18.23707997336127], [-10.65300484120427, -10.454381465378296, -21.723266534704177, -13.3423571844756, -5.056008960317182, -11.066866010072598, 0.4906675802167907, 7.423150218825292, -5.2645370092222, -3.112402819641714, 6.665084175910767, 6.575489513254147], [-17.401025720233978, -6.011587286660599, 1.0511294997572582, -25.21987233012177, 13.289061979040476, 26.69294909359738, 3.908767124128067, 8.934192870433328, -0.2906073432969034, 5.581808008739355, -8.855073860649599, -4.868785584320637], [-9.686360220234835, -4.095839072076733, -7.3106239321530735, 3.2984445455936475, 0.9693191850323118, -9.561822641536738, -2.5671873756051427, -15.175102900174249, -1.2527930188787684, -15.212368565834606, -4.316163117649092, -9.120791430999223], [-1.7019422717678092, -10.33263294081184, -1.3423957575030787, -4.642371710195224, 22.53628113163742, -6.577407939424138, -4.478972080145702, 19.165541627031573, 8.337919955822757, -21.605375505938284, 0.38830055818870307, -5.002778594517936], [-30.131025595012797, 14.407913980171369, -2.9402787222023052, -6.919150506105994, -8.183792054730459, -13.861337471713574, 11.742666459039556, 8.461128901036457, -4.685585758197713, -12.735467820484336, -7.069024689546922, -0.534192900836551], [-4.826959724098564, -4.601638335963051, -0.5404820345426524, -4.040622532645769, 5.3781888413270105, -5.3060540760879915, -10.63048385335075, -5.036829957917411, -28.911069850516512, 9.170194368469692, -2.612181526794426, 11.338669285005741], [-17.166628981172266, 2.4134184354866384, 3.7099513216345574, 16.066501661478497, -2.3157257573206596, -1.2615538783205262, 9.830281649090788, -9.510070087973833, -8.700933465220844, 8.386542158653645, 12.927618169934807, -3.1704716483508673], [-10.995785778241686, -2.5832355317203515, -8.837222773836972, -2.215142460866215, 5.234716357498163, 7.93501511094856, 1.6542745271534616, -11.040505266781084, -0.05903796524717239, 1.0434240744388654, -11.670872999443743, 2.3627694675930218], [-8.737079156901428, 13.082131091563037, 9.988196384234532, -0.8787994347545449, -0.44831176533665656, -8.448569069746352, -7.745967985339819, 0.07891431612993463, -5.774515818472414, -10.272050708086065, 19.754367407993076, 10.174274043265482], [-5.998413289388266, 10.84454010036162, 3.9856948964540755, -16.294346492242727, -5.942485968941883, -3.4000032018833926, -2.8181535579799664, -7.773093545881514, 5.307823323502436, -3.574128425579309, 19.24063484505849, 2.8927672437736573], [2.7468455489872583, 5.00199259446791, 5.001869121938741, 14.409673496503432, -8.981398833824167, -18.029535083081736, -8.854391982985653, -8.962584884626777, 7.55586674963518, -5.239789349924956, -19.766024289848414, 7.530352461102565], [10.326184800475303, -19.12362916873777, 7.775827762142597, 7.260210472538316, 30.0306850740767, -11.027047719986864, 6.428103593504972, 7.080786744631351, -3.0943620997363968, -5.710810221712109, -2.694380620492627, -5.862600667260147], [-3.7426245758643204, 0.05822304267469951, 4.516888844484711, 8.724159753537709, -1.1438640780609042, 31.56661890473868, 3.293507235196932, 2.5339702169796685, -15.381590570343299, -27.2710676930681, 2.5572786063557844, 4.951445467896676], [14.218076587895519, 5.430045988281449, 5.004858056148169, -1.2603112189660213, -20.37706396119614, 11.185567440308922, -5.374541933797119, -5.19328280635742, 10.933232716280259, -10.82830481539391, -9.424041343282022, -2.234681036717273], [-10.189983846721871, 8.15377432925778, -1.6333789344162923, 7.252048678626144, -6.809301910681841, -10.480504367750239, -10.600314640721304, 6.296936346277637, 8.17602280562497, -4.165799219734207, -9.20917604748647, 7.581035903119462], [2.024566567823896, -5.63913556366545, -14.610952148722232, 1.9064118378720378, 6.347679003205229, -17.08936584875787, 2.8509952886477405, 12.741561414960705, -4.480874104205234, 12.85952567521798, 