{"name": "inst_n14_dr20_1", "n_customers": 14, "capacity": 4.960198662493201, "initial_load": 0.0, "cost_penalty": 1.0, "cost_fleet": 100.0, "distance": [[5.118216247002567, 9.504636963259353, 1.4415961271963373, 9.486494471372438, 3.1183145201048545, 4.233264489725757, 8.277025938204417, 4.091991363691613, 5.495936876730595, 0.27559113243068367, 7.535131086748066, 5.381433132192782, 3.297317164990922, 7.884287034284043, 3.03194829291645], [4.534978894806515, 1.3404169724716475, 4.031129864471293, 2.034552406761496, 2.6231334044184953, 7.503646726300525, 2.8040875798603992, 4.851909744316351, 9.807371998012385, 9.616571936637868, 7.2478994077353365, 5.412268555474342, 2.768912040453708, 1.6065200877512686, 9.699254132161325], [5.160685855478787, 1.1586561247077032, 6.234897555375004, 7.76683114342298, 6.130033010530404, 9.172977047909027, 0.3959287666420286, 5.285892632600216, 4.593358828854037, 0.623495791498756, 6.41328169139375, 8.526328384806568, 5.92941018104284, 2.6009744773722323, 8.398815210314087], [5.094958815215094, 5.10888884466533, 7.530302077021779, 1.4792203578495655, 8.19626719119277, 6.832869060032571, 7.870969415548011, 1.9161625902013524, 8.023641611345301, 1.9132392605720028, 0.8155261736351271, 8.552269742870703, 8.612834961776684, 8.765370964165806, 4.719097193587903], [2.7404838861371825, 0.07091828603166261, 6.457208955749478, 7.199093835086931, 8.355692165002742, 2.8187782736454214, 2.152181671629736, 6.3933138006658785, 8.050548331450097, 9.636708728449708, 1.5052483042117748, 4.822123881993365, 8.947158621961735, 4.227169069454373, 5.895020620840481], [0.244906774933632, 6.734598871529389, 9.190886196338225, 8.268253295567211, 8.855202667099467, 6.603553805205234, 2.455522672431776, 7.685169988962544, 2.116747426075105, 8.31274834664461, 0.6271792257076825, 8.254878133935557, 1.645072664741013, 3.7514699649664185, 3.1673816655696427], [6.913370352777413, 1.7857187817437192, 3.9625616221698645, 0.058245951079809455, 2.6249471275010148, 4.211888142289553, 1.0592123670732445, 6.331599460365577, 3.8042426988653233, 7.252939380762388, 6.538660110683944, 4.312267487774061, 8.673205056421992, 6.32135117500167, 8.10274352106299], [3.41794723940113, 5.436692896684557, 1.962968851147534, 9.96141190118628, 2.4321546430632712, 2.5686746722710274, 0.7319007239096598, 2.5780311899673656, 7.631285325440532, 6.978935706830813, 1.2867321231716944, 3.7623850142809423, 4.209213946174629, 6.649842463619607, 4.559289630437489], [5.865183268255314, 8.396846036089423, 7.264736103123704, 3.650072635085589, 4.483963093444842, 3.6769956969000663, 1.0973466400669674, 2.032415440873966, 2.838064889441311, 3.141338956023022, 3.130478588199377, 5.76699716252952, 9.716899756197547, 7.74664134923732, 7.911339481728053], [7.5926850053958, 5.969877305237564, 9.176922571709127, 6.89630155447081, 5.00356430736871, 0.7708380850053875, 4.8844922708552385, 2.1283099534033436, 1.3269629754678725, 5.06064922529373, 7.8508529259695905, 2.9500644280551946, 7.687717599091664, 5.256295231622541, 1.4904802337071255], [9.649677439797358, 4.016362238885175, 2.9523425566269577, 8.469983706337295, 1.2446033251547983, 7.335904610737034, 1.8782474256546833, 3.9249177601258243, 2.3189987846213844, 8.412279926923869, 3.900745519398617, 9.746928128822892, 6.252614844151068, 6.936228347029152, 5.215251221324175], [3.0896819907559117, 3.955564210524287, 9.409341876619017, 2.0120320072466447, 9.882189012202122, 7.583058620038185, 3.5978692649261026, 6.415135895056033, 3.8098153929308753, 3.8149293263992003, 5.038029501945296, 0.16722821635377083, 4.935715599433962, 9.71598413446888, 2.8546522878557843], [7.482179590766122, 4.42788890070495, 2.092810426177855, 9.050025708181295, 0.16827284680212995, 3.035089265995107, 9.990258823239376, 2.621467961899895, 8.49044521859272, 6.0568314865570425, 8.060357075271236, 6.303177554434782, 3.6269685705784838, 7.607887845834825, 0.2648454890397234], [4.468129517344519, 3.7185456987010603, 4.770740056373494, 1.2762068649606961, 2.2250686594627247, 5.620515900997094, 3.8776911565595396, 7.916562055903405, 6.051365892775145, 8.61266684786994, 7.323608373256045, 6.01823447758565, 2.876156021959957, 7.827604679261685, 2.512675781710818], [0.7521111181440443, 9.628645784432278, 5.400112050964692, 7.738942975498113, 5.292228076303601, 6.115797303718215, 0.3389225051650624, 1.8679367935380853, 6.746893954347774, 5.7056459795249825, 1.5855503398671267, 9.520292687261847, 1.543536325474043, 5.103032497386853, 1.4400287501925768]],