{"name": "inst_n10_dr20_1", "n_customers": 10, "capacity": 3.7401852706626766, "initial_load": 0.0, "cost_penalty": 1.0, "cost_fleet": 100.0, "distance": [[5.118216247002567, 9.504636963259353, 1.4415961271963373, 9.486494471372438, 3.1183145201048545, 4.233264489725757, 8.277025938204417, 4.091991363691613, 5.495936876730595, 0.27559113243068367, 7.535131086748066], [5.381433132192782, 3.297317164990922, 7.884287034284043, 3.03194829291645, 4.534978894806515, 1.3404169724716475, 4.031129864471293, 2.034552406761496, 2.6231334044184953, 7.503646726300525, 2.8040875798603992], [4.851909744316351, 9.807371998012385, 9.616571936637868, 7.2478994077353365, 5.412268555474342, 2.768912040453708, 1.6065200877512686, 9.699254132161325, 5.160685855478787, 1.1586561247077032, 6.234897555375004], [7.76683114342298, 6.130033010530404, 9.172977047909027, 0.3959287666420286, 5.285892632600216, 4.593358828854037, 0.623495791498756, 6.41328169139375, 8.526328384806568, 5.92941018104284, 2.6009744773722323], [8.398815210314087, 5.094958815215094, 5.10888884466533, 7.530302077021779, 1.4792203578495655, 8.19626719119277, 6.832869060032571, 7.870969415548011, 1.9161625902013524, 8.023641611345301, 1.9132392605720028], [0.8155261736351271, 8.552269742870703, 8.612834961776684, 8.765370964165806, 4.719097193587903, 2.7404838861371825, 0.07091828603166261, 6.457208955749478, 7.199093835086931, 8.355692165002742, 2.8187782736454214], [2.152181671629736, 6.3933138006658785, 8.050548331450097, 9.636708728449708, 1.5052483042117748, 4.822123881993365, 8.947158621961735, 4.227169069454373, 5.895020620840481, 0.244906774933632, 6.734598871529389], [9.190886196338225, 8.268253295567211, 8.855202667099467, 6.603553805205234, 2.455522672431776, 7.685169988962544, 2.116747426075105, 8.31274834664461, 0.6271792257076825, 8.254878133935557, 1.645072664741013], [3.7514699649664185, 3.1673816655696427, 6.913370352777413, 1.7857187817437192, 3.9625616221698645, 0.058245951079809455, 2.6249471275010148, 4.211888142289553, 1.0592123670732445, 6.331599460365577, 3.8042426988653233], [7.252939380762388, 6.538660110683944, 4.312267487774061, 8.673205056421992, 6.32135117500167, 8.10274352106299, 3.41794723940113, 5.436692896684557, 1.962968851147534, 9.96141190118628, 2.4321546430632712], [2.5686746722710274, 0.7319007239096598, 2.5780311899673656, 7.631285325440532, 6.978935706830813, 1.2867321231716944, 3.7623850142809423, 4.209213946174629, 6.649842463619607, 4.559289630437489, 5.865183268255314]], "demand": [[3.2703683764862794, 8.303669528474716, -2.974472470081346, -12.333384411675, -10.190088993519396, 1.1671110874349593, -4.728845002662299, 9.641760026822165, -6.284132513188449, -0.2606016630165282], [-14.517537979143448, -2.9489982424851062, 4.96413012158499, -10.540534047246192, 3.445634038327672, -7.676143029610888, -6.6283906828571135, 5.442516090170718, 16.61311623637929, -4.923560572437679], [9.530552780025454, 9.649766879478097, 10.454912155770245, -4.665181243691954, -6.476949752736747, 5.025168074760136, 0.6150436738036426, 9.934074629258198, -16.734209275302458, -7.609472988450159], [4.53279033482422, -8.153742264177357, 2.1050810616839217, 18.584208232732397, -0.3141384248919105, -5.2100691097827845, -3.086681706004763, -1.9543124205441011, 3.3652828695875994, -2.2515390922278606], [-6.174484339983902, 9.971959523625616, -10.467409275046291, -13.70975397370808, -12.095332898641793, -8.772470137574322, 11.835352627101964, 9.48941537068126, 6.893623373799226, 1.1509932013821405], [5.999987738019338, 1.4438363700196803, -16.846272436813916, 1.6790145644113021, 17.61958469005529, -0.3364920428947941, -0.5753436190885061, -9.071739453551366, 1.6461294918392952, 15.843716039146752], [3.6420615641600036, -9.76861624030496, 15.794364385444918, -24.79713303171803, -9.283388803636887, 2.942741602443102, 2.2171419318682917, 6.95308663732587, 9.122094170636574, -0.1351316851142394], [2.875054522952693, -1.2375842149252103, -2.831632811902564, -0.1834158476063549, -2.898973933460642, -3.0641763790737726, 7.635528697371624, -3.4648978237189447, -11.188742604316841, 11.557205424985195], [-0.018215315942747605, 2.1206408203185507, -8.597931576309747, 10.199341014164814, 4.666067744009488, -8.708603635193292, -3.171551918596919, 7.978319372013839, -23.066507211756218, 15.230917152493456], [5.6253567743710065, 4.1163027324475685, -0.27898591603513156, -2.8921699332421986, -6.232785345989536, 4.499843660066056, 11.816917343795827, 11.233189138361023, 5.263719615921564, 0.10470656324131718], [-8.346812224543573, -7.336097824395714, -3.6319319405752832, -7.416718292888903, -2.3604887249001427, -16.708752118241307, -6.035016488174733, -5.87795656741601, -12.984003419972545, 13.800506557227443], [-2.1015961468005626, -8.478481356552495, 6.791982504253977, 2.502082556294371, -5.436783513285227, -10.208677459764683, -7.550117888348275, 0.8496554538479875, -4.900484452380595, 5.802761935488476], [-5.577407895055526, 3.448249036420423, -1.3810462978491629, 7.9017077130555995, -1.3564695175724226, -0.6707299689535093, -3.736683660929615, 1.7356930136925197, -12.82611153524631, -4.341242851804014], [6.193025832764858, -2.6324286205764835, -1.582607567698336, 7.481225884331865, -11.193348606916706, -13.150963749740255, -1.5666920876853117, 13.04114910563767, 7.918381814502198, 1.7741184333742113], [0.10482683732093866, 3.776049287795033, -8.857789597581993, 22.561259525122793, -4.244957389923045, -0.7734586356980049, -12.665547396553857, 8.334038575092947, 6.17796567168489, -0.3962818664429261], [-3.512207330343688, 8.5579739127717, 2.9705013748871596, 2.2446422117427076, -2.0529847976909275, -1.5117797678477412, -0.8798280672941823, -10.626141150272646, -8.560577779551116, -2.682363907139387], [-8.841756512985935, -13.419194593597913, -12.04710388105056, -6.991044194840589, -3.2560158093199782, 6.985534032777441, -14.961647658197185, 5.848866178588494, 6.534447205392223, -2.381772948756362], [-3.128218597813676, 3.94836287102635, 4.93152845854866, -1.6168798432719078, 0.4471388338643213, -9.174373388908865, 11.432191720503186, 8.673298661067168, -0.7382014112676055, 0.6905340392965938], [-0.23904114805531101, 12.802526085244871, 13.502453565151717, -1.0006818888971527, -2.870693046126908, -6.60020281728124, -1.2758028791949474, 22.21886476425062, -3.161747217779656, 3.2879307790323575], [-3.328688921271842, -1.0881746869092563, -16.94983104446045, 1.08749805155653, 7.053750570170095, 1.9459891143894799, -6.114928128710008, -15.144270637961446, -1.3319460092106905, -8.527457955504604], [13.763121748257486, -5.7722168999924515, -26.354777510518343, -0.5113388989316235, -3.1561364205864106, -22.921634681101946, -8.412857235284203, -3.9165617802514574, -3.7508424281719153, -0.6852970119453479], [10.634335073522399, 8.491579059888082, 4.441967418415758, 1.8390541124699016, -1.3867161629627467, 26.6007827523088, -3.8933706159297645, 14.453030282254383, 3.8522400818919107, -14.237566530907676], [-29.8490467686303, 3.9397702332844635, 23.730653288046273, -19.416707828231985, -6.396125897660944, -7.248408006328718, -2.5014769875804546, -11.960272920535958, 1.0196818633495555, 1.7348444385793678], [-20.896815791080503, 9.80236875837809, -11.718052002368319, 9.393529469049387, -5.0846471919114125, -7.526283597965853, -9.587551608189342, -10.431444193730098, -5.114952645118369, 4.984628539844823], [-2.2307608401077594, -1.523362678027022, -14.212979535705573, -6.787442874407123, -12.08448009790528, 6.650380557226331, -8.511690776335794, 6.433183552398762, 7.489895694850663, 0.8674028982462546], [-4.924853172169226, -11.89550676914414, 4.163180021534267, -13.682364045707152, 4.830179743829666, -1.3778398720831493, -2.1917473174642974, 11.358597775595412, -7.550979229878422, 1.9592961161631148], [1.998619249648126, 0.6230160668271989, -10.117803512837511, 7.182735133443214, -10.927530855584417, -16.878945831813635, -5.06962143504354, -5.216654995770071, 0.8019906188481106, 4.6831546023008706], [2.038678476532477,