{"name": "inst_n10_dr20_0", "n_customers": 10, "capacity": 4.998088916106266, "initial_load": 0.0, "cost_penalty": 1.0, "cost_fleet": 100.0, "distance": [[6.369616873214543, 2.697867137638703, 0.4097352393619469, 0.16527635528529094, 8.132702392002724, 9.127555772777217, 6.066357757671799, 7.294965609839984, 5.436249914654229, 9.350724237877682, 8.158535541215322], [0.02738500170148095, 8.574042765875694, 0.33585575305464355, 7.29655446429944, 1.7565562060255901, 8.631789223498865, 5.414612202490917, 2.997118905373848, 4.226872211976584, 0.28319671145462966, 1.2428327649956394], [6.706244146936303, 6.471895115742501, 6.1538511148125385, 3.8367755426188346, 9.97209935789211, 9.8083533877623, 6.855419844806947, 6.504592762678163, 6.884467305709401, 3.8892142397910376, 1.3509650502241122], [7.214883401940817, 5.253543224757259, 3.1024187555895564, 4.8583535883178905, 8.894878343490003, 9.340435159562496, 3.5779519670907023, 5.715298307297609, 3.2186939107594217, 5.9430003019969675, 3.3791122550713326], [3.9161900052816123, 8.902743520047924, 2.2715759353337974, 6.231871446860424, 0.8401534358238483, 8.326441476533978, 7.8709830748868335, 2.3936944299295213, 8.764842308107038, 0.5856803480519435, 3.3611706054566035], [1.5027946689483906, 4.50339366649287, 7.963242702872942, 2.3064220899374743, 0.5202130106440961, 4.0455183982152825, 1.9851304450925533, 0.907530456191219, 5.803323859868507, 2.986961328189226, 6.719948779563594], [1.995154439682133, 9.421131105064978, 3.6511016824482856, 1.0549527957022953, 6.291081515397092, 9.271545530678674, 4.40377154715784, 9.545904936907373, 4.99895813687647, 4.252286248490755, 6.202134520153778], [9.950965052353242, 9.489436749377653, 4.60045139309096, 7.5772884530829145, 4.9742269548761895, 5.293121601967704, 7.857857007138075, 4.146558493556708, 7.344835717887293, 7.111428779897499, 9.320596866133782], [1.149326332809052, 7.290151170763094, 9.2742392862456, 9.679261899246464, 0.14706304965369288, 8.636400902455758, 9.811950400663443, 9.572101796109635, 1.487640122324979, 9.726288138229549, 8.899355557205206], [8.223738275430705, 4.799879238078322, 2.3237291963930384, 8.018805787183078, 9.235301597834695, 2.661302722922926, 5.389344076221869, 4.4275282897453145, 9.31017315981155, 0.40510711188434634, 7.320061956565608], [6.143732469489967, 0.28365365113521057, 7.192197728267403, 0.15991729523571974, 7.579510023564281, 5.1275872326207805, 9.291042207970062, 0.6608249672407474, 8.413172796123833, 0.666900087671014, 3.443099788041252]], "demand": [[8.042556925878584, -0.6565805929440692, -2.7094427475258223, -6.433443348020751, -18.342211583668394, 11.380725932726774, 4.384735556123404, -7.012014615340852, -12.986053948330897, 5.973066447829614], [2.5600221085382784, 6.198189421534802, -11.915500293940594, -3.6194945347547076, 8.765443998753451, -7.757402554747611, -31.45706141689993, -11.609405991216779, 19.151291401693122, -4.98853645735622], [-3.9979550357583964, -13.972517044922009, 7.78401268409999, 0.5235156507907806, 9.657111040044649, 8.862222486403867, 1.9207740385290295, 10.732550953619679, -12.114457312756386, -7.864844228612679], [5.1879954358939795, 3.4875901511588303, -13.999642253209661, -11.711051642617608, -5.235166850454795, 9.324623375041867, -0.4468906342812931, -3.7355798572705536, 8.319406832151902, -13.410429223745561], [14.836082770661074, 3.847910080853614, -8.260706901845388, 3.115281909708832, 2.1930741817970323, -5.3126516519732485, -1.4532994720099308, -6.750023707558013, -10.118621115353186, -14.145372771888772], [11.182041768837367, 6.60856340242019, 5.234593932458363, -0.2612672548871016, -14.713496452136107, 2.6867457788643683, -5.455195881300971, -1.187139498600138, 10.406975560052516, 9.776700762786575], [-5.718567869547381, -12.891364419364729, -23.80937797558809, -9.223570896744034, -5.182175476886754, -6.882479464805083, 0.2219256854049493, 4.7545274002904545, -3.466351104521536, -4.790508474412736], [-11.468959589198766, -7.473177271705623, 2.8609471610973096, -19.288809502878692, 16.29685390383064, 23.698347397862243, 3.1745427676253115, 6.163281933737558, 1.4409610241376658, 5.309015169290973], [-4.894832240402818, -5.136836235667559, -6.931219551222588, 4.8781699098692055, 1.8724824576743175, -5.663578616174407, -2.4195055138692134, -16.313965600550283, 0.4916622296347785, -18.846285652343838], [1.9091672848183543, -12.742886622618622, 0.057970663393169974, -1.851033072564845, 27.12381077552301, -3.2465681239054986, -4.070940208393893, 15.702032496997639, 9.953923512834201, -26.272643952187572], [-22.31695297620456, 17.42932211832697, -1.8132560481478965, -3.7804199479526726, -8.844289687482785, -9.145659189241861, 9.94160870573036, 5.722241430486961, -2.8951539451571295, -15.969024203942723], [-0.7538467757179761, -5.75368116717759, 0.9970647096441398, -1.3410990519544215, 7.034536133909546, -2.2169271611750663, -9.384728911651258, -6.861990202285184, -26.796177862583406, 9.477420283707641], [-11.269216124918383, 2.8014958025865178, 5.974603495284207, 15.698071196650096, -1.973759242181827, 1.0586227840345286, 8.289655629146688, -11.032420008292506, -6.8567227301859575, 8.56710028138587], [-6.0106719838247695, -3.2921482460411626, -8.718967836594834, 0.20584845919568437, 6.866553698427492, 8.506717622933223, 1.2270707095267739, -12.459254316375896, 1.6694289144889285, 0.03705699465722187], [-4.08589313602364, 15.812470308703567, 13.326844004932076, 1.3382916724875205, 0.21267220484704977, -4.761979531547032, -6.8930311958851895, -2.0925497564110547, -3.9694995935597683, -13.10742585280136], [-1.7521123416607123, 13.08362754386846, 6.2975174721756435, -11.725144364013056, -6.220092734144693, -0.6732593329440609, -2.63629470552968, -9.413025892871751, 6.964409998668188, -5.326866375793244], [5.7002451586962914, 5.958378312728567, 7.487524748249447, 14.294042609412205, -9.778154674925181, -12.521388893761639, -7.850508176221203, -10.521996122249586, 9.182344612096534, -7.261761010842564], [12.15905292670849, -23.463901565294982, 10.736013917314873, 8.235447830998133, 35.89851232902128, -6.850231525249867, 5.3507918205803575, 4.435339787787162, -1.3252420881256624, -7.8089166440788125], [0.17017998257352013, -0.0707708148246681, 6.919580743718801, 9.476027080096328, -0.6017039624741739, 27.645423205069648, 2.6430699902162793, 0.19631424521560223, -13.447903515063803, -32.8541259672171], [15.475566421459032, 6.480408662003442, 7.491024988038769, 1.0149911258619697, -23.120584741985454, 11.139267006962061, -4.844549874889141, -7.007852173339424, 12.514476363894232, -13.753591631335738], [-5.324000019146897, 9.802117770538434, -0.28278989622114264, 8.228531367228335, -7.234990149469633, -6.407598329568102, -9.358668192405817, 3.7045511491938186, 9.794194706413059, -6.014173515315308], [5.084748089701264, -7.018955658576956, -15.480387083296835, 3.6985341713370055, 8.169647998024683, -11.759966929762925, 2.2608200540506864, 9.712915487693762, -2.693184064200178, 13.763086860865954], [10.73556638638719, 18.286452056081483, -2.413561734654086, 5.709420530879811, -5.509572473968369, -8.276770091009759, 7.687387167316941, -13.650086616523375, 19.0563009557045, -1.948107893283639], [2.4485555591557406, -14.305123220824822, -8.831706924907339, -0.6441216053059602, 16.093592826847214, 0.9063729730565441, -1.178448013936742, -8.988594712586584, -3.142038760480761, 12.424085542211575], [-6.125661082615697, -7.47136693880031, -15.439599481840734, -11.615694506045516, 11.936023778209705, 1.4495167782281528, 3.2261467615821253, 5.682006553142214, -10.263140479864866, -8.373695811942895], [-7.950291953161449, 9.087407058089253, 1.5669707202522656, 9.159915423625185, -1.472511876801294, -6.0507876118577855, -3.34843754382782, 3.5592886189591475, -1.3984332173737395, -6.739417312451411], [-3.1999900831052868, -0.10161914288325008, -6.79879019601788, -15.443114359540031, -5.186852557605367, -11.270694741756119, 0.32293248495876403, -1.1120470001171137, 9.747038489782984, -49.00185003053577], 