{"name": "inst_n10_dr40_0", "n_customers": 10, "capacity": 100.0, "initial_load": 0.0, "cost_penalty": 1.0, "cost_fleet": 1.0, "distance": [[6.369616873214543, 2.697867137638703, 0.4097352393619469, 0.16527635528529094, 8.132702392002724, 9.127555772777217, 6.066357757671799, 7.294965609839984, 5.436249914654229, 9.350724237877682, 8.158535541215322], [0.02738500170148095, 8.574042765875694, 0.33585575305464355, 7.29655446429944, 1.7565562060255901, 8.631789223498865, 5.414612202490917, 2.997118905373848, 4.226872211976584, 0.28319671145462966, 1.2428327649956394], [6.706244146936303, 6.471895115742501, 6.1538511148125385, 3.8367755426188346, 9.97209935789211, 9.8083533877623, 6.855419844806947, 6.504592762678163, 6.884467305709401, 3.8892142397910376, 1.3509650502241122], [7.214883401940817, 5.253543224757259, 3.1024187555895564, 4.8583535883178905, 8.894878343490003, 9.340435159562496, 3.5779519670907023, 5.715298307297609, 3.2186939107594217, 5.9430003019969675, 3.3791122550713326], [3.9161900052816123, 8.902743520047924, 2.2715759353337974, 6.231871446860424, 0.8401534358238483, 8.326441476533978, 7.8709830748868335, 2.3936944299295213, 8.764842308107038, 0.5856803480519435, 3.3611706054566035], [1.5027946689483906, 4.50339366649287, 7.963242702872942, 2.3064220899374743, 0.5202130106440961, 4.0455183982152825, 1.9851304450925533, 0.907530456191219, 5.803323859868507, 2.986961328189226, 6.719948779563594], [1.995154439682133, 9.421131105064978, 3.6511016824482856, 1.0549527957022953, 6.291081515397092, 9.271545530678674, 4.40377154715784, 9.545904936907373, 4.99895813687647, 4.252286248490755, 6.202134520153778], [9.950965052353242, 9.489436749377653, 4.60045139309096, 7.5772884530829145, 4.9742269548761895, 5.293121601967704, 7.857857007138075, 4.146558493556708, 7.344835717887293, 7.111428779897499, 9.320596866133782], [1.149326332809052, 7.290151170763094, 9.2742392862456, 9.679261899246464, 0.14706304965369288, 8.636400902455758, 9.811950400663443, 9.572101796109635, 1.487640122324979, 9.726288138229549, 8.899355557205206], [8.223738275430705, 4.799879238078322, 2.3237291963930384, 8.018805787183078, 9.235301597834695, 2.661302722922926, 5.389344076221869, 4.4275282897453145, 9.31017315981155, 0.40510711188434634, 7.320061956565608], [6.143732469489967, 0.28365365113521057, 7.192197728267403, 0.15991729523571974, 7.579510023564281, 5.1275872326207805, 9.291042207970062, 0.6608249672407474, 8.413172796123833, 0.666900087671014, 3.443099788041252]], "demand": [[-3.9979550357583964, -13.972517044922009, 7.78401268409999, 0.5235156507907806, 9.06429337756076, 6.631839591590117, 1.9207740385290295, 10.732550953619679, -12.114457312756386, -7.864844228612679], [5.1879954358939795, 3.4875901511588303, -13.999642253209661, -11.711051642617608, -5.827984512938685, 7.094240480228116, -0.4468906342812931, -3.7355798572705536, 8.319406832151902, -13.410429223745561], [14.836082770661074, 3.847910080853614, -8.260706901845388, 3.115281909708832, 1.600256519313143, -7.543034546787, -1.4532994720099308, -6.750023707558013, -10.118621115353186, -14.145372771888772], [11.182041768837367, 6.60856340242019, 5.234593932458363, -0.2612672548871016, -15.306314114619996, 0.4563628840506164, -5.455195881300971, -1.187139498600138, 10.406975560052516, 9.776700762786575], [-5.718567869547381, -12.891364419364729, -23.80937797558809, -9.223570896744034, -5.774993139370643, -9.112862359618834, 0.2219256854049493, 4.7545274002904545, -3.466351104521536, -4.790508474412736], [-11.468959589198766, -7.473177271705623, 2.8609471610973096, -19.288809502878692, 15.704036241346751, 21.467964503048492, 3.1745427676253115, 6.163281933737558, 1.4409610241376658, 5.309015169290973], [-4.894832240402818, -5.136836235667559, -6.931219551222588, 4.8781699098692055, 1.279664795190428, -7.8939615109881585, -2.4195055138692134, -16.313965600550283, 0.4916622296347785, -18.846285652343838], [1.9091672848183543, -12.742886622618622, 0.057970663393169974, -1.851033072564845, 26.53099311303912, -5.476951018719251, -4.070940208393893, 15.702032496997639, 9.953923512834201, -26.272643952187572], [-22.31695297620456, 17.42932211832697, -1.8132560481478965, -3.7804199479526726, -9.437107349966674, -11.376042084055614, 9.94160870573036, 5.722241430486961, -2.8951539451571295, -15.969024203942723], [-0.7538467757179761, -5.75368116717759, 0.9970647096441398, -1.3410990519544215, 6.441718471425656, -4.447310055988818, -9.384728911651258, -6.861990202285184, -26.796177862583406, 9.477420283707641], [-11.269216124918383, 2.8014958025865178, 5.974603495284207, 15.698071196650096, -2.5665769046657165, -1.171760110779223, 8.289655629146688, -11.032420008292506, -6.8567227301859575, 8.56710028138587], [-6.0106719838247695, -3.2921482460411626, -8.718967836594834, 0.20584845919568437, 6.273736035943603, 6.276334728119472, 1.2270707095267739, -12.459254316375896, 1.6694289144889285, 0.03705699465722187], [-4.08589313602364, 15.812470308703567, 13.326844004932076, 1.3382916724875205, -0.3801454576368397, -6.992362426360784, -6.8930311958851895, -2.0925497564110547, -3.9694995935597683, -13.10742585280136], [-1.7521123416607123, 13.08362754386846, 6.2975174721756435, -11.725144364013056, -6.812910396628582, -2.9036422277578127, -2.63629470552968, -9.413025892871751, 6.964409998668188, -5.326866375793244], [5.7002451586962914, 5.958378312728567, 7.487524748249447, 14.294042609412205, -10.370972337409071, -14.75177178857539, -7.850508176221203, -10.521996122249586, 9.182344612096534, -7.261761010842564], [12.15905292670849, -23.463901565294982, 10.736013917314873, 8.235447830998133, 35.30569466653739, -9.080614420063618, 5.3507918205803575, 4.435339787787162, -1.3252420881256624, -7.8089166440788125], [0.17017998257352013, -0.0707708148246681, 6.919580743718801, 9.476027080096328, -1.1945216249580635, 25.415040310255897, 2.6430699902162793, 0.19631424521560223, -13.447903515063803, -32.8541259672171], [15.475566421459032, 6.480408662003442, 7.491024988038769, 1.0149911258619697, -23.713402404469342, 8.90888411214831, -4.844549874889141, -7.007852173339424, 12.514476363894232, -13.753591631335738], [-5.324000019146897, 9.802117770538434, -0.28278989622114264, 8.228531367228335, -7.827807811953523, -8.637981224381853, -9.358668192405817, 3.7045511491938186, 9.794194706413059, -6.014173515315308], [5.084748089701264, -7.018955658576956, -15.480387083296835, 3.6985341713370055, 7.5768303355407935, -13.990349824576676, 2.2608200540506864, 9.712915487693762, -2.693184064200178, 13.763086860865954], [10.73556638638719, 18.286452056081483, -2.413561734654086, 5.709420530879811, -6.102390136452258, -10.50715298582351, 7.687387167316941, -13.650086616523375, 19.0563009557045, -1.948107893283639], [2.4485555591557406, -14.305123220824822, -8.831706924907339, -0.6441216053059602, 15.500775164363324, -1.3240099217572074, -1.178448013936742, -8.988594712586584, -3.142038760480761, 12.424085542211575], [-6.125661082615697, -7.47136693880031, -15.439599481840734, -11.615694506045516, 11.343206115725817, -0.7808661165855989, 3.2261467615821253, 5.682006553142214, -10.263140479864866, -8.373695811942895], [-7.950291953161449, 9.087407058089253, 1.5669707202522656, 9.159915423625185, -2.0653295392851834, -8.281170506671538, -3.34843754382782, 3.5592886189591475, -1.3984332173737395, -6.739417312451411], [-3.1999900831052868, -0.10161914288325008, -6.79879019601788, -15.443114359540031, -5.779670220089257, -13.50107763656987, 0.32293248495876403, -1.1120470001171137, 9.747038489782984, -49.00185003053577], [3.7403811916842455, 20.157260649169647, -11.464737525048255, -1.3724943007183634, -11.963923767142537, 12.57808378802615, -2.647062396919102, 7.767885300743265, -8.459329216973734, 1.5586127916983707], [-8.850114735869548, 1.3448259570053245, -11.59823166370602, -1.0785162709927016, -8.424257061838212, 3.233196257836312, 2.197307557729899, -13.590446406755216, 17.637370261759333, 2.5293792685063035], [-0.655399857417926, 