{"name": "inst_n14_dr20_2", "n_customers": 14, "capacity": 100.0, "initial_load": 0.0, "cost_penalty": 1.0, "cost_fleet": 1.0, "distance": [[2.616121342493164, 2.984911434141233, 8.142257405942804, 0.9191594213509691, 6.00100525965654, 7.285605268117946, 1.8790107336660344, 0.5514662733306819, 2.749693679060381, 6.574330148755926, 5.62265662780428, 1.5006226330533612, 4.3263079080478715, 6.692972985745202, 4.227846732701278], [6.331843992741164, 9.674359524936767, 6.830648223096253, 3.9162483308002614, 1.8725256972009807, 3.459606655717331, 5.110659735695771, 8.912094095005791, 7.755639424726894, 3.1814660061537436, 9.242168965068242, 4.709098854157575, 6.9375884220223005, 1.0720730845358806, 1.045435584329415], [2.019074475294503, 8.844496736882935, 6.7981146148458365, 8.492363236144346, 6.444362692055176, 4.065423976755365, 5.165781941249968, 5.934435177559062, 8.621179849076281, 4.38186166159125, 8.922401099666429, 6.1371693840258725, 8.293561258065814, 4.980560549172479, 6.925181318299734], [3.3902537464931006, 5.2282850392376385, 2.162233910190144, 1.0070360201847683, 0.38604129920968844, 7.019494763859894, 4.564306208815561, 8.977341470931755, 8.351832046922796, 3.8509513448081654, 9.736787697052229, 5.920620110783647, 7.6588331421529805, 4.071943584796069, 1.9616991196827194], [1.7177701508183452, 1.812062262309868, 6.038055172624386, 1.1263285511131826, 0.199107488374215, 8.329969641884205, 0.9941111793264079, 4.505845355517621, 4.884985730839694, 6.202724083835624, 5.040144824015966, 9.373431437289682, 7.503965943632757, 5.7446649788296575, 6.172721367052833], [5.065514916069802, 9.647618088753546, 2.266260633591367, 6.890271371485683, 5.550966788978652, 0.4201178906868608, 2.961499997837337, 9.271669354015911, 7.845648574299998, 0.1283109353038825, 2.9662632966274485, 0.09805349046563827, 8.27466942978078, 1.1036759230906301, 0.5745517877481943], [9.818833431950987, 4.458698794152138, 3.18392999063676, 0.4901338956309209, 3.895952842988221, 3.660390572621383, 5.234807880554642, 0.06785466481482927, 1.4796288029021853, 2.0988652574840625, 4.405045187486976, 3.023033663098663, 6.1332767649039885, 2.8543260553929537, 9.096330100844199], [9.618699581980765, 0.5943486543590248, 2.090597191549791, 5.630231832559078, 7.706602294839795, 0.6402423132438118, 1.8480268442987968, 4.567201216906892, 6.686907585501734, 9.033279269888116, 8.669729635415504, 7.9375541541825765, 0.5273214337655108, 9.766364932921874, 6.146279491511568], [0.8611581520145006, 2.5492877538976533, 6.207540845662908, 3.8564011688363955, 4.466034754905421, 8.045850655987497, 8.240309774147786, 5.467869801803077, 7.924511040544448, 4.060049290930544, 9.744818373184103, 6.051591654260359, 9.676979826868182, 0.43987692056397076, 8.826926528427004], [5.593771875448765, 7.136390309587972, 1.9259497537902004, 5.486913759909932, 2.892779241219192, 1.0548047686670692, 0.031867706181171185, 9.068400198646039, 6.709043150358274, 2.050217316665073, 2.578186775627438, 4.655943115217484, 8.182872532694734, 1.1762560287847967, 9.6778483016373], [9.43910766427087, 2.4466009569263347, 6.407818595019307, 3.6009753276608603, 6.97323344505584, 0.8691610014775342, 4.69965880206427, 5.884908036900938, 6.264757359246827, 6.927954741715632, 8.91381373001006, 2.41250209907426, 1.5319431733318634, 3.9060693721297577, 5.688281476891181], [9.605287609205547, 7.105055856164183, 7.384425506696291, 9.727170538106236, 2.677431627585899, 2.5946162552587793, 4.225408375689021, 2.9542000741973307, 6.511033852284691, 9.517139208195358, 1.5351149253602436, 5.179476822201348, 6.775780987982372, 4.931776665811322, 9.137438408940174], [7.368979862014584, 8.82176795610569, 1.1176498811910718, 1.9576350349670946, 0.6570422560361189, 8.293194984646847, 9.628186618058164, 0.13991021028433526, 7.892536438715759, 7.278311985279744, 9.081867943853771, 2.7038547325940065, 7.147771833165857, 2.3742288146921995, 0.7603320004476666], [7.45204062703274, 0.4221297140306235, 6.995944631576241, 2.834624647023655, 4.874233950845777, 8.915331538713497, 2.434078790002129, 4.683243818567153, 3.5504944704024455, 1.9038088687698818, 4.73651468342625, 1.8163032701142523, 7.9900749165857, 6.148216416278775, 2.8313075283585176], [9.731049952640161, 3.452768444687433, 6.712566611989306, 7.332237264842542, 2.652263901766397, 0.11763801587810208, 8.926158766331376, 9.564165135916289, 1.7022808341799112, 1.5360521112385295, 4.3266741944339815, 5.975695681497416, 9.88982627357476, 9.634961173559406, 9.878528399459697]],