{"name": "inst_n10_dr40_2", "n_customers": 10, "capacity": 100.0, "initial_load": 0.0, "cost_penalty": 1.0, "cost_fleet": 1.0, "distance": [[2.616121342493164, 2.984911434141233, 8.142257405942804, 0.9191594213509691, 6.00100525965654, 7.285605268117946, 1.8790107336660344, 0.5514662733306819, 2.749693679060381, 6.574330148755926, 5.62265662780428], [1.5006226330533612, 4.3263079080478715, 6.692972985745202, 4.227846732701278, 6.331843992741164, 9.674359524936767, 6.830648223096253, 3.9162483308002614, 1.8725256972009807, 3.459606655717331, 5.110659735695771], [8.912094095005791, 7.755639424726894, 3.1814660061537436, 9.242168965068242, 4.709098854157575, 6.9375884220223005, 1.0720730845358806, 1.045435584329415, 2.019074475294503, 8.844496736882935, 6.7981146148458365], [8.492363236144346, 6.444362692055176, 4.065423976755365, 5.165781941249968, 5.934435177559062, 8.621179849076281, 4.38186166159125, 8.922401099666429, 6.1371693840258725, 8.293561258065814, 4.980560549172479], [6.925181318299734, 3.3902537464931006, 5.2282850392376385, 2.162233910190144, 1.0070360201847683, 0.38604129920968844, 7.019494763859894, 4.564306208815561, 8.977341470931755, 8.351832046922796, 3.8509513448081654], [9.736787697052229, 5.920620110783647, 7.6588331421529805, 4.071943584796069, 1.9616991196827194, 1.7177701508183452, 1.812062262309868, 6.038055172624386, 1.1263285511131826, 0.199107488374215, 8.329969641884205], [0.9941111793264079, 4.505845355517621, 4.884985730839694, 6.202724083835624, 5.040144824015966, 9.373431437289682, 7.503965943632757, 5.7446649788296575, 6.172721367052833, 5.065514916069802, 9.647618088753546], [2.266260633591367, 6.890271371485683, 5.550966788978652, 0.4201178906868608, 2.961499997837337, 9.271669354015911, 7.845648574299998, 0.1283109353038825, 2.9662632966274485, 0.09805349046563827, 8.27466942978078], [1.1036759230906301, 0.5745517877481943, 9.818833431950987, 4.458698794152138, 3.18392999063676, 0.4901338956309209, 3.895952842988221, 3.660390572621383, 5.234807880554642, 0.06785466481482927, 1.4796288029021853], [2.0988652574840625, 4.405045187486976, 3.023033663098663, 6.1332767649039885, 2.8543260553929537, 9.096330100844199, 9.618699581980765, 0.5943486543590248, 2.090597191549791, 5.630231832559078, 7.706602294839795], [0.6402423132438118, 1.8480268442987968, 4.567201216906892, 6.686907585501734, 9.033279269888116, 8.669729635415504, 7.9375541541825765, 0.5273214337655108, 9.766364932921874, 6.146279491511568, 0.8611581520145006]], "demand": [[18.940548554845197, 0.10844569254810099, 3.946318952959576, -0.1727754339082794, 9.612901834656432, -8.656417230374302, 12.888272985733003, 13.00227745478212, 1.0756454948459029, -9.944486650777707], [11.610626933952902, 8.99168391559894, 20.793914169471755, -3.6376041148508267, -0.12909820942166297, -13.199278178853458, 11.271680583920602, 10.418370783265958, -3.387582592577054, -15.479226055724416], [-4.821543837335253, 22.389727778892876, 0.889749319645036, 2.257566532922394, -19.42240593769336, 16.065508083768474, -4.637638694290462, 7.940838491520996, -10.281726188572406, -13.023633236193659], [7.469463500904076, 1.9207198863408983, -6.323212875633871, 7.159638387548884, -21.772996533470824, 6.580055027397196, -0.5262025556786044, -4.863451740604402, -21.750849469844947, -9.469574891035714], [1.9615141139874148, -3.479810406488754, 15.342867837587423, 6.197545147639929, -5.995463280671421, -8.617469764535384, -8.58577233826779, 0.5776527984742436, -2.3495890910048707, 6.533254211324552], [-7.375392934111729, -8.260268140869949, -11.822490289333134, -1.3093372276840922, 9.330835818766156, -8.657175503397532, 12.318932448955456, -14.773982863226601, 0.15219887566968396, -2.449908526190611], [9.74781070104965, 5.565785680988175, 6.937310462451608, -14.248510488174741, -1.7779605989722984, -1.982636135107014, 3.315894368490397, -2.063406718768298, -27.985260363565974, -5.843056019382041], [-4.655316771242432, -2.6648101831661153, -10.965576615471534, -8.581976748724175, -2.348155146952279, -15.023010661013565, -0.9394493044782172, -9.043162535564665, 2.7288176167969835, 5.490396371281704], [-4.859572788248069, -2.489600116208673, 1.219491632508804, -2.4073320568831993, -5.2322289719806285, 2.6598775971464637, 3.3205266239785147, -1.7539709026159005, 3.343552852367291, 2.230992181033069], [-10.040206096522217, -1.7736410005958607, -20.395772489735098, -21.93926465031613, 4.036072113344317, -13.631123587896123, 3.6067143820533465, -8.039968217262809, -7.313607224320778, -2.740111790190124], [3.9042665006123323, 5.583371783501826, 6.2932393318983415, 7.204513156128147, 0.604270052420195, -4.932194240614528, -3.624883022322697, 0.3793190256829153, -1.6106134869265643, 3.251805987233531], [-2.2920168480733105, -11.137170394580544, -3.548965162615638, -2.85233148868659, -0.3187579810090207, -11.094192057339558, -10.66934644377234, 10.065116389636412, -5.459998232484069, -8.706463490191961], [4.914296407703861, -15.653279290704846, -11.08225396475196, -2.9707875200752576, -12.359208243878529, -5.96249313374838, -11.027312999999479, -16.854539573675623, -10.913335880070516, 5.64906245635551], [-7.972068507138238, -24.460697996497252, 13.544637023394401, 9.19511231162275, 8.31855723955884, -13.978762236735612, -14.88550312582013, 7.318555525948827, -6.2381130899204384, 4.066741393740469], [0.23528629857615352, 10.930187339770702, 5.046873523278313, 6.350959241518135, 9.986303064796154, -16.25437625044243, 3.7817992417229154, -24.23313294683958, 10.536704656340365, -4.603669843556228], [-11.159776957727823, -0.02917684490680813, -1.6498493396702385, 1.8189286931940054, -15.372779277602952, -10.541620980434928, 18.69521550033218, -26.063379436714555, -16.925979399989387, -12.563496541962998], [8.225984111228634, 13.964542250399157, -9.013914905013722, -10.576549680111468, 18.917782229858513, -7.8472954774423584, -14.552003176276521, -3.9812830119646847, -0.38489405575907587, 14.452146643552004], [0.9196735777305713, -0.8353833898237135, -2.4797461445407043, 2.725727272773221, 3.8895617936992366, -4.220845641315825, 1.0409180566283913, -2.617440304670489, -0.9050418085715263, 0.39116998745022724], [2.513435548861253, -7.978735708703248, -3.601838817315404, 3.088322157904384, -7.631642755109093, -0.7944696049739232, 3.3551854285673683, 2.098991543788437, -9.64446525200079, 29.551894010042773], [3.407203400052375, 3.9082054756165125, 4.669217926596405, -9.394532779072152, -21.111929709544384, 12.93382440884037, -8.488802298884263, -20.507899840767113, -7.024924826230428, -6.981295236334317], [-12.484596876835948, -1.4943039840548846, 5.351398661004003, 10.157837779540207, 3.264632918280994, 6.204444606324395, 1.6022080581637042, -3.3385037395995636, -16.43396683597789, 7.872425116740539], [7.574283234124053, -12.96731114947957, -8.290892671001476, 4.7281910340523945, 2.3191992390554974, -3.825448657800895, -9.441943286179415, -1.3217663658599794, -11.05896506494791, -4.819780808262396], [21.814136831608668, -9.37107845109869, -7.189092248968581, -20.395815100330125, -8.655984998827872, 5.391493464160359, 10.05466575586924, 10.885736277810778, -2.562923359574869, 1.963734657877041], [-19.503041628570543, 16.465107213224705, -7.028034842269317, 0.814464793409876, -20.028798894578905, -7.930982897921411, -5.175830073847789, -3.8133245382738163, 0.49246680620338745, 7.680603544926799], [-20.520208908739146, 2.7042130684983268, -14.634085264950974, -13.247281517437012, 7.71536301427093, 12.195533798789775, 0.7207432664270468, 3.0312090970817547, -11.513843492689517, -8.420057790006386], [-18.00907244917932, 3.308611708994483, -7.581882030123055, 11.100967815740464, -8.586383834561492, 3.730050083901579, 5.67421513200857, -13.261795560448775, 27.243702160675404, -1.5248116153279936], [8.225916139974116, -3.4424899951734638, -2.936205588390107, 7.761724693445434, -7.4768774096078445, -14.211179390474808, -3.7803802513867586, -4.71876400247416, -8.299019835596907, 1.0493240378928366], 