{"name": "inst_n12_dr40_2", "n_customers": 12, "capacity": 100.0, "initial_load": 0.0, "cost_penalty": 1.0, "cost_fleet": 1.0, "distance": [[2.616121342493164, 2.984911434141233, 8.142257405942804, 0.9191594213509691, 6.00100525965654, 7.285605268117946, 1.8790107336660344, 0.5514662733306819, 2.749693679060381, 6.574330148755926, 5.62265662780428, 1.5006226330533612, 4.3263079080478715], [6.692972985745202, 4.227846732701278, 6.331843992741164, 9.674359524936767, 6.830648223096253, 3.9162483308002614, 1.8725256972009807, 3.459606655717331, 5.110659735695771, 8.912094095005791, 7.755639424726894, 3.1814660061537436, 9.242168965068242], [4.709098854157575, 6.9375884220223005, 1.0720730845358806, 1.045435584329415, 2.019074475294503, 8.844496736882935, 6.7981146148458365, 8.492363236144346, 6.444362692055176, 4.065423976755365, 5.165781941249968, 5.934435177559062, 8.621179849076281], [4.38186166159125, 8.922401099666429, 6.1371693840258725, 8.293561258065814, 4.980560549172479, 6.925181318299734, 3.3902537464931006, 5.2282850392376385, 2.162233910190144, 1.0070360201847683, 0.38604129920968844, 7.019494763859894, 4.564306208815561], [8.977341470931755, 8.351832046922796, 3.8509513448081654, 9.736787697052229, 5.920620110783647, 7.6588331421529805, 4.071943584796069, 1.9616991196827194, 1.7177701508183452, 1.812062262309868, 6.038055172624386, 1.1263285511131826, 0.199107488374215], [8.329969641884205, 0.9941111793264079, 4.505845355517621, 4.884985730839694, 6.202724083835624, 5.040144824015966, 9.373431437289682, 7.503965943632757, 5.7446649788296575, 6.172721367052833, 5.065514916069802, 9.647618088753546, 2.266260633591367], [6.890271371485683, 5.550966788978652, 0.4201178906868608, 2.961499997837337, 9.271669354015911, 7.845648574299998, 0.1283109353038825, 2.9662632966274485, 0.09805349046563827, 8.27466942978078, 1.1036759230906301, 0.5745517877481943, 9.818833431950987], [4.458698794152138, 3.18392999063676, 0.4901338956309209, 3.895952842988221, 3.660390572621383, 5.234807880554642, 0.06785466481482927, 1.4796288029021853, 2.0988652574840625, 4.405045187486976, 3.023033663098663, 6.1332767649039885, 2.8543260553929537], [9.096330100844199, 9.618699581980765, 0.5943486543590248, 2.090597191549791, 5.630231832559078, 7.706602294839795, 0.6402423132438118, 1.8480268442987968, 4.567201216906892, 6.686907585501734, 9.033279269888116, 8.669729635415504, 7.9375541541825765], [0.5273214337655108, 9.766364932921874, 6.146279491511568, 0.8611581520145006, 2.5492877538976533, 6.207540845662908, 3.8564011688363955, 4.466034754905421, 8.045850655987497, 8.240309774147786, 5.467869801803077, 7.924511040544448, 4.060049290930544], [9.744818373184103, 6.051591654260359, 9.676979826868182, 0.43987692056397076, 8.826926528427004, 5.593771875448765, 7.136390309587972, 1.9259497537902004, 5.486913759909932, 2.892779241219192, 1.0548047686670692, 0.031867706181171185, 9.068400198646039], [6.709043150358274, 2.050217316665073, 2.578186775627438, 4.655943115217484, 8.182872532694734, 1.1762560287847967, 9.6778483016373, 9.43910766427087, 2.4466009569263347, 6.407818595019307, 3.6009753276608603, 6.97323344505584, 0.8691610014775342], [4.69965880206427, 5.884908036900938, 6.264757359246827, 6.927954741715632, 8.91381373001006, 2.41250209907426, 1.5319431733318634, 3.9060693721297577, 5.688281476891181, 9.605287609205547, 7.105055856164183, 7.384425506696291, 9.727170538106236]], "demand": [[11.663123263595764, 9.03328387291239, 16.93515221375571, -3.236312445250587, 1.9943049562526625, -11.272115523206518, 13.430176572732973, 17.288161128092423, -0.8587226905981181, -13.355707601334785, -5.674483693629275, -1.670905985948793], [-4.827687867815999, 22.16193465510104, -0.9689098176811721, 2.4087893259399404, -16.754705223189248, 17.19240076819054, -6.548620890451105, 14.491901856835648, -7.656645827112991, -11.103913390528264, 7.156698981939582, -8.794368202863735], [7.5071815448034, 2.1044949854633086, -7.457065615677739, 7.102918836763859, -19.038981596563616, 7.966335331341107, -1.3855118686439576, 0.04037870505229819, -18.965696389186103, -7.844819316444529, 8.026511032361139, 0.9632474913658814], [1.9795763169094927, -3.187447403786355, 12.031863258974811, 6.181636896484154, -3.7065598195685965, -6.8156004787077, -11.506655929614361, 6.181464762324234, 0.16478370169525067, 6.829876603258872, -5.614003558116332, -9.674925726801], [-7.390650710598449, -7.871784969335535, -12.403739072504969, -1.0068089560659605, 11.187357899239682, -6.854220431047728, 14.7453071913716, -11.145112045985647, 2.6316546138692303, -1.4077406784755444, 4.200085956098722, -9.899267021425745], [9.7936593262436, 5.676269819484479, 4.470952173848646, -13.397111842060847, 0.39195982385824346, -0.36220190470928193, 3.4393630954925585, 3.2006409863285765, -25.113094607230863, -4.519278479372514, -5.6141858542758705, -7.966170964104392], [-4.660867598600252, -2.3888343055920265, -11.632933781845507, -7.970948366849803, -0.1621485506572032, -13.045976520643558, -1.9044638710652166, -4.677039146784434, 5.172311899345781, 5.873569340822985, -7.373266109142158, -9.106545895556392], [-4.865852530036084, -2.21714716931461, -0.6723022047295657, -2.0582276384769944, -2.964857669554485, 4.153358420210862, 3.4451802453389115, 3.549884777280593, 5.778467373557509, 2.884674998118843, -13.035281753837507, -20.845932224773186], [-10.064973608860694, -1.515583769529297, -20.115520877323913, -20.761629773173567, 6.041968627019411, -11.692151759615326, 3.8045725709961484, -3.5447869364820805, -4.729952424507469, -1.6738589146235614, 8.93896637524215, -9.505720373849892], [3.929261670649244, 5.693502320055254, 3.8916015926468557, 7.1458900501051135, 2.7069836322063967, -3.2311018854986444, -5.276810318540196, 5.957615954048771, 0.8934455414634281, 3.8207677415211574, -5.04226721028877, -3.0903340558558097], [-2.28913392918399, -10.690841647223742, -4.9615927576501, -2.484350516124477, 1.8099958145438375, -9.224594736179325, -14.123191830708627, 16.88946163319983, -2.9022139568929823, -7.145041315404117, -6.733294511006907, 8.818507213695572], [4.942896002153824, -15.11614560924367, -11.737886615332442, -2.5977817283071056, -9.890772541148943, -4.233226396692302, -14.572723404020522, -13.493326037122381, -8.279440243170134, 6.019067148512781, -13.051211648470767, -5.827719807884042], [-7.989455598793736, -23.746474458789372, 10.4143306326595, 9.05204942865636, 10.203637447915646, -12.030283939861235, -19.417808083652083, 13.7895640840348, -3.669468789720261, 4.568068684885313, 19.194842827892305, -6.598086487356136], [0.24718823076102742, 10.932810009392067, 2.7704789070301694, 6.328543275420713, 11.824333281646442, -14.243669391742058, 4.024442754568305, -21.821152962846018, 12.871225508316446, -3.382753484886049, 7.476718795451878, 2.732688102701643], [-11.188539805764714, 0.19380462595372266, -3.253312719003126, 1.9887581862311638, -12.819325528720656, -8.68713417591561, 22.752593073543764, -23.886855086305932, -14.208166259178151, -10.681965119623055, -2.128165470939439, 2.336191822194877], [8.266401898311486, 13.906153459923676, -9.8773880158185, -9.880912956593471, 20.503839986338825, -6.066487249400609, -18.99900148172291, 1.0360357523855648, 2.1020578025787007, 14.091551255938805, -8.299225834634047, 12.731280563935332], [0.934017835830397, -0.5961916074163285, -3.999815975291292, 2.8570910256934563, 5.899591616653602, -2.539205706524594, 0.5824658157653699, 2.5753326679148945, 1.589169668756842, 1.1975463620223783, -17.469836590857298, 2.784394120757258], [2.5334673559306715, -7.5959132806405165, -5.009153315991318, 3.2043048979588376, -5.296579843800795, 0.7934732213743478, 3.4887044983310007, 7.898519101224805, -7.028279039505939, 27.93811548844146, 2.5349503729109397, -3.143668331824018], [3.4304247351147916, 4.05201840772332, 2.4307726555734015, -8.749036357880486, -18.396564610028644, 14.146355593469805, -11.38488172023673, -17.61667996963585, -4.445299120473749, -5.563051070194745, 