{"name": "inst_n14_dr20_0", "n_customers": 14, "capacity": 100.0, "initial_load": 0.0, "cost_penalty": 1.0, "cost_fleet": 1.0, "distance": [[6.369616873214543, 2.697867137638703, 0.4097352393619469, 0.16527635528529094, 8.132702392002724, 9.127555772777217, 6.066357757671799, 7.294965609839984, 5.436249914654229, 9.350724237877682, 8.158535541215322, 0.02738500170148095, 8.574042765875694, 0.33585575305464355, 7.29655446429944], [1.7565562060255901, 8.631789223498865, 5.414612202490917, 2.997118905373848, 4.226872211976584, 0.28319671145462966, 1.2428327649956394, 6.706244146936303, 6.471895115742501, 6.1538511148125385, 3.8367755426188346, 9.97209935789211, 9.8083533877623, 6.855419844806947, 6.504592762678163], [6.884467305709401, 3.8892142397910376, 1.3509650502241122, 7.214883401940817, 5.253543224757259, 3.1024187555895564, 4.8583535883178905, 8.894878343490003, 9.340435159562496, 3.5779519670907023, 5.715298307297609, 3.2186939107594217, 5.9430003019969675, 3.3791122550713326, 3.9161900052816123], [8.902743520047924, 2.2715759353337974, 6.231871446860424, 0.8401534358238483, 8.326441476533978, 7.8709830748868335, 2.3936944299295213, 8.764842308107038, 0.5856803480519435, 3.3611706054566035, 1.5027946689483906, 4.50339366649287, 7.963242702872942, 2.3064220899374743, 0.5202130106440961], [4.0455183982152825, 1.9851304450925533, 0.907530456191219, 5.803323859868507, 2.986961328189226, 6.719948779563594, 1.995154439682133, 9.421131105064978, 3.6511016824482856, 1.0549527957022953, 6.291081515397092, 9.271545530678674, 4.40377154715784, 9.545904936907373, 4.99895813687647], [4.252286248490755, 6.202134520153778, 9.950965052353242, 9.489436749377653, 4.60045139309096, 7.5772884530829145, 4.9742269548761895, 5.293121601967704, 7.857857007138075, 4.146558493556708, 7.344835717887293, 7.111428779897499, 9.320596866133782, 1.149326332809052, 7.290151170763094], [9.2742392862456, 9.679261899246464, 0.14706304965369288, 8.636400902455758, 9.811950400663443, 9.572101796109635, 1.487640122324979, 9.726288138229549, 8.899355557205206, 8.223738275430705, 4.799879238078322, 2.3237291963930384, 8.018805787183078, 9.235301597834695, 2.661302722922926], [5.389344076221869, 4.4275282897453145, 9.31017315981155, 0.40510711188434634, 7.320061956565608, 6.143732469489967, 0.28365365113521057, 7.192197728267403, 0.15991729523571974, 7.579510023564281, 5.1275872326207805, 9.291042207970062, 0.6608249672407474, 8.413172796123833, 0.666900087671014], [3.443099788041252, 4.3029873194783335, 9.660620807840703, 5.62231842228457, 2.5886459317093227, 2.4167571409434494, 8.881183206591798, 2.258694284173244, 1.245547058352835, 2.883307570075776, 5.861230648127328, 5.540905021732678, 8.097107759127777, 5.604759520061858, 2.884212144312105], [4.128963426808927, 8.181209709709105, 6.265064624197535, 9.590776426974422, 3.694044110916809, 5.526115105212872, 5.939242016131683, 8.4829120827506, 1.4547353818653175, 4.065103367481266, 9.09958961662297, 0.43066888568204176, 8.22706280181502, 4.153840373712247, 8.298039852781027], [0.09954560807291957, 3.6504615775827065, 0.7863003716563988, 6.526145763366385, 2.738490985995572, 7.0265207065978625, 9.438014269420908, 1.2681710226124776, 8.647782954007742, 0.5946415160033847, 3.8077050831088943, 4.297740611785766, 4.888495468334643, 9.764623219360445, 7.756911881018284], [3.08857362719261, 2.6983678550080015, 8.631202041893179, 8.813071727376899, 5.107065055436452, 3.442957309623252, 9.949173481609177, 3.159435453677002, 1.8271237892656245, 8.800981213040696, 8.12335398111254, 6.678894055713513, 9.58413631777952, 9.257145772144188, 7.482485033017541], [8.607014095476778, 2.471467403221075, 1.412465569010316, 6.70061849314936, 7.1461853665475275, 1.6705292878227218, 3.95557273104876, 9.102557662160548, 5.614007675502229, 5.7833591492627265, 1.9412977289079358, 5.260222486178751, 5.234347273949199, 0.8893564024627199, 9.819426931267062], [5.713956004557744, 0.06408882664310167, 7.726492012253886, 9.782657138401458, 5.898700283209505, 3.1968163628266497, 1.875077157277849, 6.725266339168693, 1.9510739845680503, 5.776878925178592, 6.022391763796257, 9.62423093124381, 0.7226526552987678, 4.999728236586185, 7.440974792826482], [1.772267404746588, 3.8806673178451923, 0.6289549845497133, 7.258808637757768, 0.8776788675948677, 3.950917083579676, 8.735226311207322, 4.723003367500115, 9.126219336408855, 7.659171177388724, 9.153239601117658, 1.2740300904890633, 0.7356290533063203, 0.7032625356921807, 8.688542943473193]],