{"name": "inst_n12_dr20_1", "n_customers": 12, "capacity": 8.27106436585613, "initial_load": 0.0, "cost_penalty": 1.0, "cost_fleet": 100.0, "distance": [[5.118216247002567, 9.504636963259353, 1.4415961271963373, 9.486494471372438, 3.1183145201048545, 4.233264489725757, 8.277025938204417, 4.091991363691613, 5.495936876730595, 0.27559113243068367, 7.535131086748066, 5.381433132192782, 3.297317164990922], [7.884287034284043, 3.03194829291645, 4.534978894806515, 1.3404169724716475, 4.031129864471293, 2.034552406761496, 2.6231334044184953, 7.503646726300525, 2.8040875798603992, 4.851909744316351, 9.807371998012385, 9.616571936637868, 7.2478994077353365], [5.412268555474342, 2.768912040453708, 1.6065200877512686, 9.699254132161325, 5.160685855478787, 1.1586561247077032, 6.234897555375004, 7.76683114342298, 6.130033010530404, 9.172977047909027, 0.3959287666420286, 5.285892632600216, 4.593358828854037], [0.623495791498756, 6.41328169139375, 8.526328384806568, 5.92941018104284, 2.6009744773722323, 8.398815210314087, 5.094958815215094, 5.10888884466533, 7.530302077021779, 1.4792203578495655, 8.19626719119277, 6.832869060032571, 7.870969415548011], [1.9161625902013524, 8.023641611345301, 1.9132392605720028, 0.8155261736351271, 8.552269742870703, 8.612834961776684, 8.765370964165806, 4.719097193587903, 2.7404838861371825, 0.07091828603166261, 6.457208955749478, 7.199093835086931, 8.355692165002742], [2.8187782736454214, 2.152181671629736, 6.3933138006658785, 8.050548331450097, 9.636708728449708, 1.5052483042117748, 4.822123881993365, 8.947158621961735, 4.227169069454373, 5.895020620840481, 0.244906774933632, 6.734598871529389, 9.190886196338225], [8.268253295567211, 8.855202667099467, 6.603553805205234, 2.455522672431776, 7.685169988962544, 2.116747426075105, 8.31274834664461, 0.6271792257076825, 8.254878133935557, 1.645072664741013, 3.7514699649664185, 3.1673816655696427, 6.913370352777413], [1.7857187817437192, 3.9625616221698645, 0.058245951079809455, 2.6249471275010148, 4.211888142289553, 1.0592123670732445, 6.331599460365577, 3.8042426988653233, 7.252939380762388, 6.538660110683944, 4.312267487774061, 8.673205056421992, 6.32135117500167], [8.10274352106299, 3.41794723940113, 5.436692896684557, 1.962968851147534, 9.96141190118628, 2.4321546430632712, 2.5686746722710274, 0.7319007239096598, 2.5780311899673656, 7.631285325440532, 6.978935706830813, 1.2867321231716944, 3.7623850142809423], [4.209213946174629, 6.649842463619607, 4.559289630437489, 5.865183268255314, 8.396846036089423, 7.264736103123704, 3.650072635085589, 4.483963093444842, 3.6769956969000663, 1.0973466400669674, 2.032415440873966, 2.838064889441311, 3.141338956023022], [3.130478588199377, 5.76699716252952, 9.716899756197547, 7.74664134923732, 7.911339481728053, 7.5926850053958, 5.969877305237564, 9.176922571709127, 6.89630155447081, 5.00356430736871, 0.7708380850053875, 4.8844922708552385, 2.1283099534033436], [1.3269629754678725, 5.06064922529373, 7.8508529259695905, 2.9500644280551946, 7.687717599091664, 5.256295231622541, 1.4904802337071255, 9.649677439797358, 4.016362238885175, 2.9523425566269577, 8.469983706337295, 1.2446033251547983, 7.335904610737034], [1.8782474256546833, 3.9249177601258243, 2.3189987846213844, 8.412279926923869, 3.900745519398617, 9.746928128822892, 6.252614844151068, 6.936228347029152, 5.215251221324175, 3.0896819907559117, 3.955564210524287, 9.409341876619017, 2.0120320072466447]], "demand": [[3.3879560184828468, 4.54700273248361, -2.8175650770498697, -12.116014115496927, -13.525794763571408, 0.23075787528149933, -5.923251576013948, 6.9195854606026375, -6.393479586692709, 1.1992059001487012, -15.751572266300743, -4.68656189686944], [-13.62361502811432, -8.009184989437431, 3.7131390247508915, -10.448476121711638, -0.03187555753911658, -9.603254090825773, -8.027246248881173, 2.760498662551811, 19.090257782535947, -3.5302021073400516, -12.622608227861736, -11.6857936979775], [9.374920960644307, 6.049033306495432, 8.230139635209808, -4.9837846888931505, -9.851270075819514, 4.521053967321627, -0.004197654380066234, 7.209104674587298, -18.024004048677256, -6.254389889059059, -13.86798945200896, 11.969161463210895], [4.595280838261499, -13.8168516077988, 1.3611377490671452, 16.640574517794544, -3.752548508526573, -6.860892499050552, -4.104341473367097, -4.565594384305518, 4.34594024801132, -0.8201032130191056, 9.468338218285286, 15.336321951061612], [-5.644685586358267, 6.408549059104671, -8.981641507590403, -13.39618148680513, -15.41122520708083, -10.822408686609544, 12.423758415222288, 6.768697668021934, 8.272844468774451, 2.630916576716899, -10.70989061533487, 10.4169006089101], [5.9984438842563526, -3.107480153868682, -14.229223476123906, 0.9169796804723955, 13.994674004812419, -1.4413020904541307, -1.3227068900395378, -11.614957854405745, 2.43259014839347, 17.53301680761147, 5.008410972123976, 5.049600370874251], [3.743427030260831, -15.618794151933264, 12.622648540279737, -23.708601417411725, -12.628523744074071, 2.2053219329078857, 1.7703351907748737, 4.2566237067204185, 10.753044825713438, 1.3264638772652493, 4.189083177879442, 2.2132009746471337], [3.0098952410849305, -6.09951910065788, -2.700057804101447, -0.8152750210013013, -6.310503186254075, -4.4745837361825505, 7.771905465717714, -6.061734142426519, -11.852117732602887, 13.185421639693123, 0.8789095385696072, 5.018887186328006], [0.2428992586842758, -2.352274019469556, -7.44371269274075, 8.841772711899916, 1.1758663262118207, -10.751386872655578, -4.19834630675478, 5.272052197204944, -25.071602619197332, 16.911485282711528, -14.945490988292962, -4.3292017885188026], [5.640163312785853, -0.12543269541947555, -0.6001187580544001, -3.334699086298561, -9.60964484113701, 3.9368746016928537, 12.403338933725571, 8.49579582315496, 6.458825686117984, 1.5697199201145855, -7.923356268078162, 11.320021847563664], [-7.722204401999833, -12.904490442904338, -3.3584251605650537, -7.543001376397118, -5.777617920031815, -19.64783549571184, -7.370006911261996, -8.451716938194885, -13.85017241750475, 15.460690743308731, 15.150354784218406, 12.780063237629145], [-1.749554508087404, -14.17920879166869, 5.216824706852407, 1.6825188326318392, -8.821920978362819, -12.419522125316087, -9.048179385899127, -1.7884407003396803, -4.853533710281005, 7.348974944252325, -14.775615181828826, 11.692602166873755], [-5.073667943242889, -0.8708743796828087, -1.5067304913965383, 6.704733892931556, -4.784039945960159, -1.81298650898199, -4.824303443628803, -0.9108762689041646, -13.674444959280239, -2.939586117715273, -10.1401220777345, -2.397768406234957], [6.183057025219052, -7.655943635418216, -1.67254519197747, 6.3136418983040326, -14.518621043060943, -15.691448748747659, -2.420754659371857, 10.28646636879153, 9.413360312201615, 3.26292160165876, -3.38115455879104, 3.4690247378014623], [0.3605713607362992, -0.505101429185272, -7.657485308993135, 20.339647382365005, -7.642489174216715, -1.9272244269086425, -14.714184971818243, 5.6243696771271114, 7.476345591271027, 1.061592197560409, 6.42534955584954, 1.118031367422925], [-3.098600983159139, 4.830765983361863, 2.0730771519982287, 1.4430724381136641, -5.473311860161904, -2.7482636905429496, -1.659963142245042, -13.154494893270055, -8.927073641502684, -1.2570674601950196, 0.7978188993342673, 19.934396202480382], [-8.195547344030778, -19.692259043149715, -10.281179798353884, -7.1470800292790075, -6.663832028059061, 6.7010503842437235, -17.257415581766587, 3.162962847443348, 7.8730955187988485, -0.9521929560077473, 5.749401622806187, 4.444253905589972], [-2.731371053232074, -0.3128268733085786, 3.6863192145817316, -2.1485461756506936, -2.9991881037241277, -11.269339344773377, 11.977205111115827, 5.960385437575203, -0.22107637725228496, 2.163895680631139, -12.519354397323223, -15.40625934931142], [0.03171114824552937, 9.567011197194827, 10.737204443259058, -1.5754177534468448, -6.282516404191619, -8.406770445459225, -2.098556908910009, 19.376416037788285, -2.9183875481681567, 4.7983064009813265, 